customer_id,name,email,signup_date,gender,address
1,Kevin Rodriguez,user1@example.com,2022-01-01,M,"180 Daniel Extension Suite 357, South Christopherville, VA 35468"
2,Kelly Williams,user2@example.com,2022-01-02,F,"15068 Carpenter Rapids Apt. 187, North William, OK 97986"
3,Tina White,user3@example.com,2022-01-03,F,"1333 John Mall Apt. 754, Sarahborough, IL 12693"
4,Robin Phillips,user4@example.com,2022-01-04,M,"32081 Audrey Stream Suite 687, Port Michelle, ME 22993"
5,Kimberly Morales,user5@example.com,2022-01-05,F,"912 Robert Rapid, Perezburgh, CT 09086"
6,Jordan Smith,user6@example.com,2022-01-06,F,"9485 Jody Village Apt. 870, South Miguel, MI 34150"
7,Teresa Silva,user7@example.com,2022-01-07,F,"36755 Scott Crest Suite 688, East Kelly, MN 63604"
8,Emily Guerra,user8@example.com,2022-01-08,F,"880 Brendan Ranch Apt. 151, West Benjaminport, RI 67647"
9,James Johnson,user9@example.com,2022-01-09,F,"752 Jennifer Stream Apt. 955, Lisafurt, OK 45339"
10,Jessica Martinez,user10@example.com,2022-01-10,F,"0994 Tammy Extensions Apt. 436, Lake Jeffrey, WI 84421"
11,Paul Cisneros,user11@example.com,2022-01-11,F,"05356 Daugherty Fields Suite 676, Jessicaberg, IA 36941"
12,Michael Davis,user12@example.com,2022-01-12,M,"511 Joseph Spring Apt. 170, Marilynside, OH 96853"
13,Peter Jarvis,user13@example.com,2022-01-13,M,"USNV Perez, FPO AE 52637"
14,Jordan Obrien,user14@example.com,2022-01-14,F,"00865 Anna Roads, East Lisa, DC 26126"
15,Terry Johnson,user15@example.com,2022-01-15,M,"04174 Collins Roads Apt. 069, Dodsonbury, MT 08405"
16,Scott Molina,user16@example.com,2022-01-16,M,"388 Ashley Camp Apt. 533, Stevetown, OH 70782"
17,Joseph Long,user17@example.com,2022-01-17,M,"037 Jason Locks Apt. 668, East Anthonyhaven, NY 33483"
18,Michelle Roberts,user18@example.com,2022-01-18,M,"Unit 0891 Box 5860, DPO AP 12843"
19,Jason Morton,user19@example.com,2022-01-19,M,"687 Laura Track Apt. 847, Lake Christian, MI 25548"
20,Sheri Grant,user20@example.com,2022-01-20,F,"6036 Deborah Viaduct Apt. 390, North Angelaton, SC 90997"
21,Elizabeth Daniels,user21@example.com,2022-01-21,M,"958 Henderson Vista Suite 021, Port Eric, VT 84115"
22,Ashley Huerta,user22@example.com,2022-01-22,F,"145 Jesse Ford, Melissashire, WY 53956"
23,Lisa Graham,user23@example.com,2022-01-23,F,"144 Tina Creek, Thomasmouth, GA 53278"
24,Kathleen Morales,user24@example.com,2022-01-24,M,"47795 Moore Dale, Michellemouth, IA 87370"
25,Kenneth Fisher,user25@example.com,2022-01-25,M,"7034 Dennis Lakes, New Kylestad, GA 65007"
26,Ryan Chapman,user26@example.com,2022-01-26,F,"0138 Lee Plains Apt. 667, Jennifermouth, MT 16590"
27,Deanna Jacobson,user27@example.com,2022-01-27,F,"34455 Joseph Circle, Berryburgh, ME 98748"
28,Colleen Wise,user28@example.com,2022-01-28,F,"14916 Megan Dam Suite 985, West Brendanborough, MO 50644"
29,Christine Thomas,user29@example.com,2022-01-29,F,"5704 Dana Flat, Alyssashire, FL 39111"
30,James Parker,user30@example.com,2022-01-30,M,"487 Harris Springs, Lake Melissa, TN 02057"
31,Rachel Jones,user31@example.com,2022-01-31,F,"8265 Paul Ridge Suite 431, Marioport, CO 06511"
32,Belinda Gibson,user32@example.com,2022-02-01,M,"24323 Montgomery Garden, Craigshire, VA 68834"
33,John Stewart,user33@example.com,2022-02-02,F,"231 Brandon Tunnel Apt. 645, New Kellyville, ME 73324"
34,Scott Bishop,user34@example.com,2022-02-03,M,"6913 Ramirez Stravenue Apt. 521, Hawkinsstad, IA 42487"
35,Christian Schwartz,user35@example.com,2022-02-04,F,"1310 Kenneth Groves Suite 139, Priceberg, AZ 75952"
36,Caitlin Parker,user36@example.com,2022-02-05,F,"85876 Kennedy Forks, Cervantesburgh, IL 04587"
37,Kenneth Pineda,user37@example.com,2022-02-06,M,"683 Page Expressway, New Blakeside, SD 46856"
38,Sheri Delgado,user38@example.com,2022-02-07,F,"15285 Marc Drive, Lake Robertview, WI 56118"
39,Mark Valentine,user39@example.com,2022-02-08,F,"217 Bryant Forge, Cassandrafurt, NM 04228"
40,Courtney Gill DDS,user40@example.com,2022-02-09,M,"293 Jessica Villages, Bennettstad, MO 84023"
41,Christina Martin,user41@example.com,2022-02-10,M,"9004 Corey Tunnel, Allisonside, OH 09876"
42,Leslie Rodriguez,user42@example.com,2022-02-11,F,"277 Lauren Prairie, New Jason, CT 18752"
43,Johnny Stone,user43@example.com,2022-02-12,M,"6349 Connie Forks, North Phillipborough, HI 07542"
44,Kenneth Shelton,user44@example.com,2022-02-13,F,"5933 Kyle Crossing Apt. 330, Holmeston, MS 99333"
45,Meghan Jenkins,user45@example.com,2022-02-14,F,"405 Johnson Turnpike, Valerieland, VA 56864"
46,Jacob Harris,user46@example.com,2022-02-15,F,"2413 Woods Junctions Suite 028, Villanuevastad, AZ 35942"
47,Ashley Richards,user47@example.com,2022-02-16,F,"0701 Brown Flat Apt. 786, New Maria, AZ 17938"
48,Kathy Pierce,user48@example.com,2022-02-17,F,"6528 Cobb Meadows, Nathanfort, ND 51849"
49,Gabriella Jacobs,user49@example.com,2022-02-18,M,"USNV White, FPO AP 24393"
50,Mrs. Rhonda Cortez,user50@example.com,2022-02-19,F,"866 Mcgrath Forges Apt. 458, East Gina, WA 11823"
51,Alison Horne,user51@example.com,2022-02-20,M,"9225 Petersen Points, Port Bianca, NY 74018"
52,Teresa Sexton,user52@example.com,2022-02-21,F,"3654 Jacob Stream, Mitchellfort, MT 96956"
53,Michael Brown,user53@example.com,2022-02-22,F,"01903 Colleen Wells, Liuview, CT 23078"
54,Ashley Walton,user54@example.com,2022-02-23,F,"0105 Rhodes Mountain, South Shawn, MT 83582"
55,Jeffrey Walker MD,user55@example.com,2022-02-24,F,"029 Christopher Pines, Warnerville, MN 71545"
56,John West,user56@example.com,2022-02-25,M,"158 Martha Locks, South Crystal, WA 19865"
57,Elizabeth Black,user57@example.com,2022-02-26,F,"Unit 5961 Box 1452, DPO AP 11442"
58,Matthew Garcia,user58@example.com,2022-02-27,M,"PSC 5609, Box 3501, APO AE 79743"
59,Grace Taylor,user59@example.com,2022-02-28,M,"57743 Angela Mill, Hunterchester, HI 95703"
60,Matthew Allen,user60@example.com,2022-03-01,F,"27801 Pitts Street Suite 223, Lake Brandon, ND 85818"
61,Dr. Allison Thomas,user61@example.com,2022-03-02,F,"743 Joseph Centers, Sarahchester, VT 20839"
62,Eric Maxwell,user62@example.com,2022-03-03,M,"Unit 8089 Box 8113, DPO AP 66995"
63,Jason Patterson,user63@example.com,2022-03-04,F,"25234 Ryan Lakes, Danielburgh, AR 52117"
64,Kerry Rios,user64@example.com,2022-03-05,M,"666 Brandon Square Apt. 764, New Samanthamouth, MO 36665"
65,Patty Hall,user65@example.com,2022-03-06,F,"155 Michelle Avenue, South Marktown, WV 96082"
66,Shannon Hill,user66@example.com,2022-03-07,M,"237 Michelle Cliff, Smithchester, DC 41419"
67,Ann Patterson,user67@example.com,2022-03-08,M,"4259 Johnson Fall, Randyfurt, WI 42690"
68,Mary Booth,user68@example.com,2022-03-09,M,"83887 Robert View, Pamelaberg, MI 70205"
69,Nicole Smith,user69@example.com,2022-03-10,M,"202 Barker Light Apt. 546, South Brookeview, MN 88086"
70,Sandra Fields,user70@example.com,2022-03-11,M,"13793 Rice Summit Suite 422, Dalemouth, UT 99071"
71,Kristina Clark,user71@example.com,2022-03-12,F,"85674 Joseph Pike, New Ricky, NE 08932"
72,Robin Ramirez,user72@example.com,2022-03-13,F,"523 Steven Turnpike, West Jessica, MT 04788"
73,Maria Wolf,user73@example.com,2022-03-14,M,"89347 Hernandez Bridge Suite 250, Pamelaburgh, OR 97041"
74,Mary Higgins DDS,user74@example.com,2022-03-15,M,"9637 Jessica Mountain Apt. 352, Heidimouth, WY 79483"
75,Amanda Bond,user75@example.com,2022-03-16,M,"0286 Hinton Neck, Keithview, ND 43156"
76,Elizabeth Salinas,user76@example.com,2022-03-17,F,"2027 Peter Terrace, Lake Debra, HI 30243"
77,Nathan Pham,user77@example.com,2022-03-18,F,"866 Thomas Walk Apt. 139, West Danielville, MO 58386"
78,Joshua Mayo,user78@example.com,2022-03-19,M,"481 Michael Crescent, Katieside, ID 54049"
79,Tamara Bentley,user79@example.com,2022-03-20,F,"359 Eric Harbor, North Toddchester, OR 92467"
80,Sheila Adams,user80@example.com,2022-03-21,M,"6181 Sierra Plain Suite 490, Jensenbury, ID 15297"
81,Christina Sanders,user81@example.com,2022-03-22,M,"0592 Teresa Mills, North Ralphview, TN 87352"
82,Jessica Smith,user82@example.com,2022-03-23,F,"8020 Elaine Plains, Johnfort, MO 43071"
83,Kathleen Patterson,user83@example.com,2022-03-24,M,"009 Ronald Fort Suite 394, North George, KS 69424"
84,Paul Smith,user84@example.com,2022-03-25,F,"702 Carol Parks, Michaelberg, GA 72468"
85,Darrell Good,user85@example.com,2022-03-26,F,"026 Lisa Crossing Apt. 230, North Stephaniechester, WV 24924"
86,Amy Goodman,user86@example.com,2022-03-27,F,"81246 Teresa Gateway, Port John, CA 47195"
87,James Gilbert,user87@example.com,2022-03-28,F,"314 Harrison Rue Suite 382, Lake Robert, WV 93626"
88,Angela Howell,user88@example.com,2022-03-29,F,"171 Carter Trail Suite 859, North Gwendolynside, HI 97512"
89,Anna Ware,user89@example.com,2022-03-30,F,"94587 Billy Locks, Port Colleenberg, NJ 16084"
90,Jared Davis,user90@example.com,2022-03-31,M,"4190 Jones Cliffs, Ronaldshire, UT 45419"
91,Karen Peterson,user91@example.com,2022-04-01,F,"3383 White Squares, East Danielleborough, UT 73807"
92,Jose White PhD,user92@example.com,2022-04-02,F,"884 Erica Pass, North Marissaberg, TX 75059"
93,Daniel Webb,user93@example.com,2022-04-03,M,"911 Alexandria Branch, West Diane, CO 08115"
94,Joseph Khan MD,user94@example.com,2022-04-04,M,"7611 Nathan Cove Suite 437, North Karen, NE 70867"
95,Matthew Moore,user95@example.com,2022-04-05,F,"608 Lee Forge Suite 151, Carlsonborough, RI 47771"
96,Zachary Berry,user96@example.com,2022-04-06,M,"7928 Shane View, Reyeston, KY 53617"
97,Joseph Gonzalez,user97@example.com,2022-04-07,M,"40776 Brandon Brooks, West Deborahbury, MD 26028"
98,Nicole Ellis,user98@example.com,2022-04-08,F,"18425 Michelle Street, South Jennifermouth, WA 82004"
99,Christine Reed,user99@example.com,2022-04-09,F,"84401 Calvin Coves Suite 513, Riceberg, AZ 46521"
100,Alexa Hernandez,user100@example.com,2022-04-10,M,"PSC 6243, Box 5438, APO AA 79490"
